content,data
우리의참치사랑❤️🧡💛💚💙💜....#천안 #두정동 #참치맛집 #설참치#휴무휴무 #뽀래미랑 #행복햄#데일리 #일상 #일상스타그램,2021-03-09
#이태원에서 다시 만난 #삼총사합체 #힘들지만 진짜 너뮤 재밌다 #행복햄출근걱정은 내일😆 #화팅👊,2018-11-20
비오는 날 장 잔뜩 봐와서#오겹살 하고 #삼겹살 구워먹기.이게 바로 #홈캠핑 ㅋㅋㅋ식당보다 더 맛있네.#버섯 왜이렇게 맛있어 ㅠ#미쳤다 #😋👍#강원도 #일상기록 #늦은업뎃 #저녁밥상 #막걸리 #고기 #횡성더덕막걸리 #양송이버섯 #최고 #사진 #사진스타그램 #photo #food #kfood #맛있다그램 #행복햄,2021-08-12
장미꽃 100송이라니💐❤️감동이애오🙊❤️❤️❤️ #로맨틱 #향기최고@seoung_hwa_ --#여자에게받은장미꽃백송이라니🙊 #더감동적이에요💕#알럽해요 #유니712 #유니랜드 #부평 #꽃 #꽃스타그램 #장미 #백설공주 #포키 #행복햄,2019-07-14
#한라산 #백록담 #행복햄,2021-11-13
-12일간의 발리여행 끝!사진에 모두 담을 수 없는 아쉬움이 남지만with my sister👭⠀#bali #gilisunset #맨날물어봐자매냐구 #행복햄,2019-07-16
비가 오는 길에 #날씨요정 님께빌면서 왔더니거짓말처럼 비가 그침ㅋㅋ너무 신난다ㅋㅋ사진 속 내모습도 신났구나ㅋㅋ😜🤗#늦은업뎃 #강원도 #주문진 #콩방앗간 #일상기록 #도깨비시장 #사진 #사진스타그램 #photo #셀피 #selfie #데일리룩 #dailylook #행복햄 #야외테이블 #바다 #sea #커버낫 #나이키,2021-08-13
평상복 5랜만😗,2021-05-29
제주 3일차🌿🌳✨#휴애리자연생활공원 제주여행의 목적‼️수국축제와서 이번여행 최애컷 만듬📷흐리다했는데 해가 쨍쨍해서 너무너무 이뻤던수국🌼🌸🌷🧡❤️카톡이랑 배경화면 다바꿈.....❗️꽃구경이 세상에서 젤조아💛#제주도 #제주여행 #휴애리 #수국축제 #여행 #또가고싶다✈️ #행복햄,2021-06-12
시계는 와치와치!!....#미리받는생일선물 #애플워치 #고마워 #존나좋군 #행복햄 #14년째연애중 #알라뷰쏘머치❤️,2021-12-07
사진 잘 건지고 싶었지만 실패 🥲3년만에 돌아온 어반자카파 ㅠ 귀호강 💜.#어반자카파#콘서트#겨울,2021-12-07
크리스마스 준비중😆#청주 #우리집 #일상 #분평동 #크리스마스 #집꾸미는중 #예신예랑 #사랑중 #행복햄 #커플스타그램 #인스타그램 #셀피 #오늘도 #나때매고생이많아,2021-12-05
꺅 귀여워요..☺️ 전 이런 게 넘 좋아효♡´･ᴗ･`♡ #냐냐공방 #주주도장 #행복햄,2021-12-03
#초저녁#바다다 회포차#가리비찜#올 하루 쉰나게#너무 맛있게#행복햄,2021-12-02
떢볶이는 항상 날 설레게하지. 알럽...떡볶..#떡볶이 #청년다방 #떡볶이맛집#나 #사랑에 #빠졌어 #with #떡볶...#먹스타그램 #맛스타그램 #떡볶스타그램 #행복햄 #돼지되는중 #나 #다욧은#언제하냐 #하,2021-11-29
#행복한한주되세요 이제 11월도 끝나가고12월이 된다~~그럼 곧 2022년이 되겠지 😜2021년 마무리 잘하고2022년은 더 웃자🤗#2021년바이바이 #2022년하이하이,2021-11-29
🎂 둘째 축하한다고승욱이 회사대표님이 보내주신케잌쿠폰으로 뜻밖에 파티 !#투썸플레이스케이크 맛있넹 😋 김설이 제일 즐거운듯!우리가족 오늘도 행복 💗   #투썸플레이스#케이크 #일요일저녁#행복햄,2021-11-28
저녁시간은 순삭 -좋아요💜#불금이었네#맛있고#행복햄#🎈,2021-11-20
🎂 생일 축하해 주신 모든분들 감사합니다 감사합니다 선물들 잘쓸께요어흥이는 복이 많으네^^*다 어흥이 꺼내 ㅋㅋㅋ우리 아버님 센스가 아침에 카카오봉투로송금 나보다 최첨단 이셔^^*~ㅋㅋㅋ현숙이도 축하해 줘서 고마웡#아버님#칭구들#고마웡#행복햄,2021-11-19
앞머리가 좀 짧아지니 좋군 ♡#행복햄,2021-11-15
살쯕 부내나는 몸매 김방우리와 잠깐의 데이뜨 ❤️#belltree #행복햄 #pomeranian #pomlove #pomstagram#dogstagram #펫스타그램,2021-11-15
"장날, 순대국밥.오늘 충주시장 장날이라~~보건소가서 임산부 차랑표지발급받고.시장표 순대국밥ㅋㅋ어제 이종혁이랑 준수랑 충주서 순대국밥먹는걸 봤는데 여기가 거기여따ㅋㅋㅋ후후다데기넣고 국물 떴는데 겁나 마시쒀O(∩_∩)O진짜 감탄스런맛!배부르게 먹고 젓갈이랑 이것저것 검은봉다리 잔뜩 사고,조생귤도 새콤새꼼한거류 한박스겟하고 돌아왔지지겨울엔 담요 두르고 귤까먹는게 최고~❣#시장순대국밥#최고다진짜#서산병천을이김#배불배불#충주오일장👣#입덧끝나고#먹는거로부터자유로워짐#행복햄#18주4일#헤헤๑´ᴗ｀๑",2021-11-15
⛵ 전날 비가 와서 걱정했는데날씨 너무 좋음 🌞 또또오장 💗   #한산마리나리조트#요트투어 #날씨맑음#행복햄#우리가족#여행중#힐링,2021-11-15
행주가 예술이야! 행주산성 야간개장 / 데이뚜데이뚜❤#행주산성 #행주산성야간개장 #데이트 #행복햄 #남편과함께💕,2021-11-15
버닝은 사랑임다🔥❤회식 이렇게하는곳 봤니?🍻즐거움 백만배🤗🥳#포비엔트 #포비엔트슉슈기 #슉슈기의회사생활 #회식 #이런회사봤니 #버닝 #행복햄 #라이프이벤트매니저 #이벤트인들다운 #회식클라스 #사랑해요 #꽃길만걷자 #이번달도화이팅 #남들일할때놀기 #신촌파티룸 #꾸르잼,2021-11-12
하하하호호호키다리 아줌마종일좋고종일웃고 종일즐겁고종일맛있고종일예쁜여행그림자놀이^^#모임#즐여행#행복햄#즐거워#내배꼽탈출#찾아주세요#소소한일상 #행운행복🍀,2021-11-11
오늘도 함뛰는 행복하다~아킬레스건이 아직은 아프지만그래도 운동은 너무 행복하다🏃‍♂️🏃‍♂️ #crc #ChuncheonRunningCrew #춘천러닝크루 #낭만을위하여 #운동 #운동기록 #운동하는남자 #운동자극 #운동중독 #운동스타그램#수영 #싸이클 #러닝 #철인3종#함뛰 #행복햄 #런스타그램,2021-11-10
다 못먹어도 맛별로 먹는 건 못참지!고기국수 왕 맛있당!! 배고파서 더마시따!!!!그저 해맑은 응쪄와 흑심가득한 쭈니의 콜라보 여행....#고기국수 #귤모자🍊 #동백반지 #카페 #소닉부부 #일상 #따뜻한차한잔☕️ #기분좋은짱은서 #흑심가득쭈니 #콜라보 #신혼여행 #제주여행 #신혼부부 #행복햄,2021-11-08
어제 백화점 가서 노느라 업로드를 못했넹🥴내 뒤에 이쁜 하늘이랑 이름 모를(?) 타워에 비치는 또다른 감성 사쥔~...#감성사진 #백화점 #하늘공원 #나는 #풍경빨 #브이 #감성스타그램 #백화점투어 #테라스 #일상 #소통 #소통해요 #소통스타그램 #인스타 #빌딩 #히힛 #지금 #기분 #매우 #행복햄 #기분스타그램 #대화해요 #친구해요 #ㅎㅎㅎ #하늘 #하늘스타그램#맞핱 #맞핱환영 #뿌아,2021-11-07
"집밥🍽#토요일점심메뉴 #김치볶음밥#자연드림 #행복햄 스팸 넣고냉동실의 야채큐브 털어 넣고작년 김장김치랑 같이 볶아서 김치볶음밥🍽계란후라이가 어려운 10년차 주부인데, 아주 오랜만에 #서니사이드업 성공✌️오랜만에 집에 있는 주말도 좋다🙂",2021-11-06
#우현아오랜만이야역시 오프가 진리지요집에 못 가면 어쩌나 이 생각 때문에 가지 말까를 고민했던 지난날의 나를 매우 혼내고 싶다 하지만 결국엔 왔기 때문에 용서하지 ٩꒰⍢ ꒱۶⁼³₌₃와 오늘 전체적인 공연이 너무너무 맘에 들었다.이게 점점 클라이막스로 올라가는 기분이 느껴져서 더더욱 좋았당.정말 오랜만에 오프 공연에 밴드 라이브까지 들어서 아주 그냥 소름이 돋았다.스트레인져를 할 꺼라곤 생각도 못 했는데 첫 곡으로 그걸 해서 놀랐고 냉열사릉 드디어 생 눈으러 보게 되었음에 감사하고 행복했다😭갈까말까 할땐 가는거라고 하는데 그거슨 진리!! 돈이 안 아까운 공연이다 정말!!!!!우현이 봐서 너무너무 행복했당😭우혀나 오늘 정말 수고 많았구 담달에 뮤지컬로 만나쟈👋🏻#오랜만에 #오프공연 #덕질일기 #우현이다 #우현아안녕 #너무즐거워써 #행복햄 #세종문화회관 #썸데이칸타빌레 #6악장 #인피니트 #남우현,2021-11-05
포비엔트는 이고짐 하는만큼❤ 살앙해용😍#포비엔트 #슉슈기 #회식 #개쥬아 #잘살아요 #걱정노노 #행복햄 #라이프이벤트매니저 #슉슈기 #나언제나그대곁에 #이곳에서 #꾸르잼 #햄볶아요,2021-11-02
ᴍᴢ세대 ᴛᴇᴀᴍ♡좋은 사람들 만나 좋은 사업도 하면서 재밌게 즐기면서 할수 있어서감사한 마음❤️젊은 팀만나서 너무 감사하고행복쓰😎우리팀은 해피바이러스 & 비타민💗11월달에도 열심히 달려보자구용❤️❤️ᴊᴏɪɴ ᴡɪᴛʜ ᴍᴇ...#뉴스킨엘에이 #뉴스킨코리아 #팀워크 #데일리 #뉴스킨사업가 #뉴스킨하세요 #엘에이맘 #오씨맘 #시애틀맘 #해피바이러스 #행복햄 #nuskin #nuskinla #korea #usa #daily #teamwork #lamom #ocmom #happyvirus #meeting #happy #joinwithme #shushuteam #likesforlike #follow4followback #fff,2021-11-02
혜화동 힐링데이🤗#정돈대학로본점 #혜화동 #대학로연극 #스타벅스케이크 #한뼘사이 #연기에진심인배우 #선남선녀 #로맨스코미디 #예쁘다 #오랜만에연극관람 #힐링데이 #칭구오빠캐리 #행복햄 #내사람들 #항상고마워요 #열시미살게유,2021-10-31
☕😊,2021-10-31
미리보기 할로윈 🎃 영상편지 감사해욤🤍✈고생한 팀장님 알라븅❤넘나 고마운 내칭구🤍#할로윈 #지금우리회사는 #포비엔트 #포비엔트슉슈기 #슉슈기친구 #행복햄 #슉슈기에게 #알라뷰 #찐친 #슉슈기의회사생활 #내사람들,2021-10-29
행복한 결혼을 축하하며오늘도 소중하게🙏#좋아그램#행복햄#결혼축하그램,2021-10-26
가을가을🍂🍂..#부여카페 #한옥카페 #무드빌리지#뱅쇼에이드🍷#연유티라미수라떼#주말데이트 #서프라이즈선물 #갤럭시워치4 #내남친최고👍🏻#잘쓸께요 #행복햄 💕 #고마워요❤️,2021-10-24
갬성 폭팔  용산청파점#용산청파점#세븐일레븐#행복햄,2021-10-22
"단대 호수를 갔다 왔다. 단대 호수를 한눈에 다 볼 수 있는 곳이 있다는 지인의 말을 믿고 계단을 오르는데 '여기에 뭐가 있을까?'라는 의문이 들기 시작할 때쯤 도착했고, 뒤를 돌아보는 순간 잔잔한 감동이 밀려들어오며 '우와'한 풍경이었다.  삶이 그랬으면 좋겠다. 매번 의심도 되고 걱정도 되고 겁도 나고 의문 가득하지만, 나를 믿고 주변을 믿고 나아가며 도달한 그곳은 아름답길. 그 걸음이 헛되지 않길 바란다. 삶이 매번 아름다울 수도, 힘들 수도 없지 않을까 싶다. 힘든 일이 있어야 자그마한 행복도 온전히 행복할 수 있고, 아름다운 일이 있어야 힘든 일을 견뎌낼 수 있다고 생각한다. 그렇게 시련을 시련이 아닌 행복을 위한 에피타이저로 여기고 싶다고 생각하고 다짐한 오늘 밤이다.#우왕#단대호수#밤에도#예쁘다#행복햄#실물이100배이쁨#남은시험과제도화이팅#photo_jjong",2021-10-21
3년❤️ #결혼조하#행복햄,2021-10-21
치즈먹다 한바탕 눈물바다로 난리나고 결국 난 머리를 잡혔지................ 괜찮아 딸 엄마 머리카락 만지작거리면서 너만 기분이 좋아졌으면 나는 #행복햄 #아마도 🥲🙄#우리애기신났네❤️,2021-10-21
🖤🎂,2021-10-20
#생일애정어린 축하 많이 해주셔서 감사합니다.덕분에 오늘 정말 많이 행복했어요❤#행복햄#제가더잘할께요😆#HBD,2021-10-18
쌩얼은 최대한 가리기ㅎ😶‍🌫️#캠핑 #행복햄,2021-10-17
Good times with my favs💖💖#롯데월드 #교복#롯데월드교복 #롯데월드할로윈 #놀이공원#readingweek #힐링 #소중햄 #행복햄 #alltimefavorite #soulmate #ocad #종강줘,2021-10-15
오늘나의시작은아바라와함께.....#올만에#아바라인듯#맛있쪄#행복햄#내사랑아바라 #아바라🥤 #아바라덕후#아바라사랑#카페사랑#커피수혈그램 #요즘갱년기#요즘아푸닷#요즘우울#아바라먹고#행복한나#어쩔거니어쩔거니#기운내자그램🌈,2021-10-14
21.10.11진안 2박 3일 캠핑🏕베스트 1 불멍과 함께한 스모어쿠키베스트 2 그리고 군고구마 베스트 2 착착 진행된 우중 철수...🤣어렸을때 엄마아빠랑 캠핑 다닌 기억이 있는데생각해보니 엄마아빠가 재밌어서 많이 다니셨던 것 같다지금 내가 그렇듯이.. 😁😁😁물론 삼형제 덕분에 틈틈이 현타가 오지만여보가 중심을 잘 잡아줘서 참 다행이고 고마워...ㅎ앞으로도 잘 부탁해..✨✨💛..#현형제네캠핑#불멍 #가을캠핑 #옴뇸뇸#행복햄 #💓,2021-10-12
21.10.12태어난지168일붕붕이생겨서 신난 준이 아주 그냥 밥도안먹어 ㅠㅠ....#태어난지5개월❤️ #태어난지5개월14일 #태어난지168일 #생후5개월 #5개월아기 #아이신나 #붕붕이 #보행기 #밥도 #안먹고 #노는중 #신난다 #육아일기 #육아스타그램 #육아 #아들랑구 #아들스타그램 #아들 #아들바보 #아들맘 #행복햄,2021-10-12
바다보러 어찌나 가고싶던지..휴...#인천바다 #월미도 #바다 #행복햄 #오오티디 #날씨 #갑분겨울 #follow #lfl #ootd #healing #today #볼레로 #런스타하이크 #k고딩,2021-10-11
#싱글맘일상 #주말의마지막은 #특수부위 #사상맛집 #별미육 #행복햄 #맛있당 #친구와함께,2021-10-10
"기분좋은 가을아침🍁이보세요, 나 생얼이라구요오~날씨가 너무 좋아 기분좋당:).#문경 #산뷰 #날씨좋음 #행복햄",2021-10-10
오늘 검진 받은 날  지대로 풀어짐☺️ㅇㅣ 스피커 맘에 드네 ☺️몇번 말하지만 #와인  은 약해요 그래도 #행복햄 #미션클리어 @foliostudio0406,2021-10-07
나빈이랑 데이뚜👭........#산치식당 #관자새우파스타 #산치라구파스타 #모히또 #외출 #먹스타그램 #크림커피 #비사이드그라운드 #나빈픽 #행복햄,2021-10-07
🌸ʜᴏʀɪɴ ᴘᴀʀᴋ🌸,2021-10-04
210102#육아#육아하기#육아맘#트윈터널#밀양#밀양트윈터널#표충사#신나욥#날씨좋다#시원시원#아이들#행복햄...오늘 트윈동굴♡동굴탐험 좋아해서 다행이다세상 반짝이는 불빛들에 눈이 좀 아프긴했다.하지만 아이들 너무좋아했다 ㅋㅋ날씨가더워서 겉옷 챙겨간게 짐만됬다.오늘 윤이는 세상 신나서. 잘 놀았다.표충사는별로였다ㅋㅋ놀이터있어서 가려고했는데 타임마감으로인해 못가서 아쉽다다음에 또 가자는 첫째를 재웠다 ㅋㅋ 😂  엄빠랑. 여행 나들이 자주 가자 ❤,2021-10-02
책을 좋아하는 예나거울에 비친 자기보고 웃는 예나#딸스타그램 #예나스타그램 #육아스타그램 #행복햄,2021-09-27
👧🏻 교복 됴아 👧🏻,2021-09-23
✨연휴는 집콕하고이제 탈출🤣🤣오늘은 쒼나게 놀께욥🙌#오늘도내일도#네가족👨‍👩‍👦‍👦 #행복햄,2021-09-23
#거제도 #행복햄 쉬는시간 너무 빨리감 ㅠㅠ 똑딱 똑딱 ㅠㅠ⏰⏰ 사진 다 찍고 너무 더워서 사입은 #매미성 원피스 ㅋ,2021-09-20
.요즘 낮밤 바뀌어 큰일 (꒪﹃꒪)..낮에 늘어지게 자다가야경보러 드라이브🚗#북악스카이웨이 #야경#행복햄 #해피추석 #즐거운명절되세요🖤,2021-09-19
오빠랑 단양여행내가 좋아하는 여행지 🤭,2021-09-19
명절맞이♡ 추석에 못쉬는 오빠랑 미리 같이가기♡야심차게 춘비한 나의 맞춤형 명절선물~😊#미리명절인사 #미리명절선물 #맞춤형선물 #내돈내산 #어무니아부지사랑해유😍 #역시 #어무니음식 #최고👍 #날치알돌솥밥 #최애음식 #새우버터구이 #행복햄 #연휴쵝오 #연휴시작 #먹스타그램 #맛스타그램 #행복스타그램 #in홍천 #회사에서준 #명절선물 #로스팜선물세트 #팀장님이주신 #스타벅스케이크 #회사복지조아,2021-09-17
헤헤 #원일중 #연극부 #우리네 #마라탕 #추억😆 #행복햄><,2021-09-17
호텔에서  조식먹고  해운대에서  놀다 서울로 출발예정 !!! 어제  비가와서인지  오늘날씨는  더 청명하고 화사해졌당~  양력생일 챙겨주는 울신랑 덕분에 더욱기억어 오래 남을  행복했던 여행♡ 🥰🥰🥰🥰🥰#힐링여행 #부산#해운대#행복햄#사랑햄#중계건영브레인센터 #mkyu대학 #mitow70,2021-09-15
두탕 뛴 하루 ✌🏻...#가로수길 #익선동 #왔다리갔다리#체력 딸리지만#행복햄#🙈,2021-09-12
"⭐️아, 진짜 미쳤다.....#도심에서는볼수없는#별구경#별빛이내린다#너무예뻐서황홀하다#힐링이따로없다#캠핑#밤하늘의별#행복햄#21o91o_21o912#2o21캠핑",2021-09-11
스윗박이랑 버디데리고 첫 산책💙...엄청 쪼꼬매서 귀엽다정말🤦🏻‍♀️..집이최고지 ㅎㅎ 닭갈비 돈까스 묵은지쪽갈비 두부전 소갈비살 브로콜리🥦.#닥스훈트 #산책 #숏다리 #애기강아지 #인기쟁이 #재롱둥이 #데이투 #행복햄 #강아지키우길너무잘했어,2021-09-11
엄마한테 와서 좋은 공기랑 함께 고기 마시는 중😌 한적하니 좋네에🍂#정선 #불멍 #🔥 #고기 #고기스타그램 #주말 #주말여행 #주말스타그램 #🥩 #좋아요그램 #행복햄 #룰루 #맛있다그램 #멋있다그램,2021-09-11
꼽쨩#논현맛집#강남곱창이야기#소곱창#행복햄,2021-09-10
.데자뷰 같은 팔찌사진🤭ㅋㅋ엄마가 내 팔찌를 보더니 예쁘다 하니까세상에.. 문성이가 커플팔찌라며엄마에게도 팔찌를 선물했다.이런 센스쟁이~내 선물 해줄때보다 더 감동 ꈍᴗꈍ❤#엄마랑 #커플팔찌#오구이뻐♡ #행복햄 #고마워,2021-09-10
출근5일차! 지점장님이 주신 AG405 VIP 50% 할인숙박권♡점심도 맛있고 숙박권도 얻구 우리회사 혜택 넘나 좋쟈낭>< 사랑해요 포비엔트♡#직장스타그램 #ag405호텔 #숙박할인권 #점심은 #버섯칼국수 #JMT #매일매일 #맛있는점심 #회사복지 #혜택빵빵 #넘나조으다 #신입사원 #신입맞나요 #행복햄 #나는 #라이프이벤트매니저 #너의 #삶의 #한줌빛같은사람 #누구보다 #너만을위해 #함께걸을게 #일상그램 #일상 #소통해요우리 #함께하지않을래 #포비엔트,2021-09-09
레츠고!!....#멍스타그램 #견스타그램 #강아지 #댕댕이 #천사 #반려견 #말티즈 #귀여워 #사랑해 #삼콩이 #해피 #가족 #갱얼쥐 #❤️ #레츠고 #가자아 #신난다 #말똥말똥 #산책 #행복햄,2021-09-07
오랜만에 주말데이트한날~😆(하루 늦게 올려버렸당)ㆍㆍㆍㆍㆍ#일상 #소통 #럽스타그램 #먹스타그램 #대전 #둔산동 #휴무 #sj뷰티헤어둔산본점 #정통집 #헤어스타일 #드라이브 #행복햄 #주말데이트 #남자친구 #사랑해 #술스타그램 #❤️❤️ #l4l #f4f #likeforlike #followforfollow #likeforlikes #like4like #follow4follow #followforfollowback #daily #ootd #selfie #selca #instagood,2021-09-06
#FLEX #그랑데건조기 #행복햄ㅋㅋㅋㅋㅋ아 살때 손떨렸네 ㅋㅋㅋㅋ,2021-09-04
퇴근후🥰행복햄❤️❤️주말너무 좋아앙👍🏻👍🏻..#병점 #동탄 #퇴근후 #주말시작 #메가커피 #금요일밤 #헤헤 #행복햄 #캐모마일티 #카페 #셀스타그램,2021-09-03
강아지 입양한지3일째 애기 강아지 키우면서웃을일이 더더더 많아진 우리집🙈...강아지 이름은 “나이스 버디”🤦🏻‍♀️..처음만든 크레미전 간단하고 맛있음!!!🥣🍽🥢[ 크레미 깻잎 소금 후추 달걀물 ] 크레미에 깻잎돌돌말아 소금후추 뿌리 달걀물입혀 바삭하게 구워주면 끝 ..#닥스훈트 #3개월 #막둥이 #졸귀탱 #무아지경 #똑똑한애기강아지 #너무귀엽당 #우리집애교담당 #찜닭 #밥차리면싹쓸이 #아침엔라면 #김치라면 #염색으로기분전환 #버디보구밍 #행복햄 #반려견일상 #애기닥스훈트,2021-08-31
𝟚𝟘𝟘 ❤️‍🔥,2021-08-30
자세보소ㅋㅋㅋ🤭회장님???엄마눈엔 너가 넘 귀엽당🧡--#146일👶#내사랑김지한#가족들과함께#강릉#행복햄,2021-08-29
오우 이뻣땅 💖 #대구 #노을 #행복햄,2021-08-29
#욕실에서 #헤헷#호캉스 #어무이랑 #엄따랑#행복햄........@nest__hotel,2021-08-29
토끼 귀욤넹🐰..#주말 #카페 #언니랑 #셀카 #토끼 #기엽네 #뒤에 #봉들이 #휘어진건착시현상 #필터카메라 #만세 #만든사람천재 #셀카놀이 #행복햄 #셀스타그램 #밍스타그램❤️,2021-08-26
#성게알비빔밥 #우도#행복햄#맛스타그램#알럽제주,2021-08-26
샤랄라 샤랄라머리칼 색 바꾸깃........#스트레스풀기 #탈색 #에쉬퍼플 #에쉬 #에쉬퍼플 #투톤염색 #쑛컷 #쑈컷도할수잇다 #투톤을 #할수있다 #투톤을넘어서 #쓰리톤 #너무맘에들어 #너무죠아유 #색이너무잘나왔어 #행복햄 #인천 #인천미용실 #이쁜머리 #큨큐큐큨ㅋㅋ,2021-08-25
태풍이 몰아치는 즐거운 대천🌊⛈💕❤️♥️❣️#이번 #컨셉은 #통나무공주님💕 #여행 #대천 #보령 #바다 #24살 #여름휴가 #인어는 #행복햄,2021-08-24
이맛에 하루를 마감🙌#내추럴와인 #행복햄#두잔이면더좋고 #나우이즈굿#와인은우아하게김희애처럼마시라며 #주방에서혼술#스탠딩와인바 😂#와인,2021-08-24
"지난 연휴, 3일동안 우리집 🏕 아무 생각없이 지친 몸 푹 쉬어,캠핑에서 안 하던 낮잠꿀잠 코자고-#에휴부부 의 #캠핑생활 #🏕#봉봉🍭 #행복햄 #행복캠 #힐링캠프#캠핑 #camping⛺️ #carcamping #캠린이 #디봉이 #차박캠핑 #차박스타그램 #먹방 #먹스타그램 #먹부림 #volcano #볼케이노 #offwego #오프위고 #그라비티로그캐빈#불멍 #🔥 #fff #f4f #selfie",2021-08-23
외국같은 분위기 😍레몬을 보니 저절로 상큼해지는느낌 💛시다 셔 ㅋㅋㅋ #🍋🍋🍋#일상기록 #김포현대프리미엄아울렛 #조명 #해질녘 #아울렛쇼핑 #shopping #사진 #사진스타그램 #photo #데일리룩 #dailylook #득템 #기분좋음 #행복햄 #좋아요그램,2021-08-17
#간만에 #힐링 #행복햄 #금손 #내언니 #덕분쓰,2021-08-03
흔들리고 아주 난리가 났지만..#straykids #Lovestay #아무리생각해도 #토요일 #행복햄 #hyunjin @realstraykids @hyunjin.realstraykids,2021-08-02
엄마는 밥에진심인편.따듯한 디카페인 커피에 토스트 먹어야 하루를 행복하게 육아할수있는 힘이 생겨서 발로 바운서 작동시켜주며 아침을 여유있게 먹는다...#차려놓으니밥달라울어서 #내밥은다식었다는사실 #모유수유식단#커피도다식었지만#행복햄#체리콩콩이🍒 #소띠아가 #소띠맘 #아기스타그램 #육아템#럽스타그램 #육아스타그램 #육아소통 #아가스타그램 #일상스타그램#baby #babystagram #newborn #infant #pushpresent #babygirl#babyfashion #babygirlclothes #cutebaby #lovebaby #cutebaby #lovestagram #babyfashion #babyfashionista,2021-08-02
"지난 주, #폭염캠핑 #🏕 피칭하는 동안 36도, 체감 39도 🥵저녁먹을 즈음되니 순식간에 28도까지 떨어짐심지어 새벽엔 추워서 깼으니 일교차 무엇덥건 말건 그냥 #캠핑마렵다 올림픽 개막 첫경기들 보면서 힐링했던 저날이 참 좋았다뿔이 바짝 선 옥타도 이쁘고, 매번 미치게 맘에 드는 감자도 이뻤다아, 그리고 하사하신 하와이산 티코스터는 캠핑에서 잘 쓰고 있구요!까만 소금도 잘 먹고 있어요, 캠필품❤️#에휴부부 의 #캠핑생활 #봉봉🍭 #행복햄 #행복캠 #힐링캠프#캠핑 #camping⛺️ #캠린이 #텐풍 #폼므 #미니멀웍스블루홀 #옥타타프#fff #f4f #selfie #먹방 #먹스타그램 #먹부림#바지락술찜 #돼지갈비찜 #냄비밥 #물김치",2021-07-31
뿡뿡이랑 여름휴가 1일차🤩.....#1차는#카라반#캠핑카#사달라,2021-07-31
"#행복햄물놀이많이하고가야지🏖살더빼고왔어야했는데...휴가끝나고, 빡시게해야징...☺☺...........",2021-07-30
#거제#그댄내게행복을주는사람#선한영향력을주는꽃님이#행복햄#늦은업뎃🙈#추억정리중📸#인생은즐거워#선팔하면맞팔#인친해요한동안 사진업뎃을 잊었넴ㅋㅋㅋ즐거웠던 거제여행ㅋㅋ사진다어디로간겨?!?!,2021-07-28
드디어 모니터랑 키보드가 왔다아!!HDMI선때문에 여러모로 고생좀하긴했지만 막상 연결이다되니 언제그랬냐는듯 세상감탄>< #HDMI #비싼거 #브랜드필요없어 #다이소최고 #가성비갑 #비트엠모니터 #베젤리스모니터 #키보드는 #앱코키보드 #k8900 #다른건아껴도 #이건포기할수없다 #노트북 #키우기 #pc방이되가는기분 #룰루랄라 #행복햄 #소확행 #행복스타그램 #pc스타그램 #언박싱그램,2021-07-27
🍕2021.07.27.🍀Diet_jje_971️⃣ 점심오늘 점심은 간단하게 #닭가슴살볶음밥 만 먹었다! #귀하닭 제품!! 난 찜닭맛이 제일 맛있었다 (╹ڡ╹ ) 2️⃣저녁요새 저녁에 #먹을복 이 터진다.🐷오랜만에 먹는 #미스터피자 !! #하프앤하프피자 처음 먹어보는 메뉸데 맛있었다 (╹ڡ╹ ) 식단 지키려고 신경쓰는데 백신 맞기 전후 관리겸 ( #합리화 )이번주 그냥 신경안쓰고 먹을뤠.. 먹을 땐 행복하게❣️대신 다음주는 이번보다 나은 식단 지키기로 나자신과의 약속😆#d_jje_97 #식단일기 #식단 #이번주는 #든든한식단 #돼지런한식단 #먹을복터짐 #행복햄 #미스터피자하프앤하프,2021-07-27
내 첫 퇴사.#오늘 #퇴사날 #퇴사선물 #자축 #레터링케이크 #❤ #레터링꽃다발 #튤립 #💛 #첫퇴사 #행복햄 #💸#나이제 #백수야 #아몰랑 #어떻게든되겠지 #엉망진창 #피앤디 #회사 #생활 #끝 #🖕 #엿먹어라 #안녕히계세요여러분저는이세상의모든굴레와속박을벗어던지고제행복을찾아떠납니다여러분도행복하세요,2021-07-26
🐯❤️..#료미 #앞산료미 #앞산맛집 #앞산맛집추천 #바질소바 #스테이크덮밥 #후토마키 #커플링 #멜팅포인트 #멜빵바지 #똥머리 #발꼬락 #힘 #행복햄 #그럼 #이만 #총총,2021-07-25
아침부터 경주와서 씐나게 놀구 올리엔와서 맛있는 거 먹기!!!#7월 #25일 #대전 #포항 #경주맛집 #경주데이트 #경주레스토랑 #경주파스타 #올리앤 #점심식사 #리코타치즈샐러드피자 #자이언트갈릭페테이크A #맛집 #일상스타그램 #여행스타그램 #좋아요 #경주투어 #행복햄,2021-07-25
